时间,商品名称,库存变化,单笔销量
2026-09-22 18:48:27,台湾地址,初始库存: 0,0
2026-09-25 20:02:27,台湾地址,0 -> -6,6
2026-09-27 18:37:07,台湾地址,-6 -> -9,3
2026-09-28 09:56:04,台湾地址,-9 -> -11,2
2026-09-28 13:11:47,台湾地址,-11 -> -12,1
2026-09-28 13:15:08,台湾地址,-12 -> -14,2
2026-09-28 17:10:09,台湾地址,-14 -> -15,1
2026-09-28 18:26:04,台湾地址,-15 -> -16,1
2026-09-28 20:22:38,台湾地址,-16 -> -20,4
2026-09-28 21:03:01,台湾地址,-20 -> -30,10
2026-09-28 22:28:26,台湾地址,-30 -> -33,3
2026-09-28 22:28:37,台湾地址,-33 -> -30,-3
2026-09-28 22:28:59,台湾地址,-30 -> -33,3
2026-09-28 22:29:32,台湾地址,-33 -> -30,-3
2026-09-28 22:29:43,台湾地址,-30 -> -33,3
